File,Model,Operation,Severity,Issue
"src/app/api/accounting/accounts/init/route.ts","account","create","CRITICAL","Mutation without tenantId"
"src/app/api/accounting/accounts/route.ts","account","create","CRITICAL","Mutation without tenantId"
"src/app/api/accounting/accounts/route.ts","account","update","CRITICAL","Mutation without tenantId"
"src/app/api/accounting/accounts/route.ts","account","delete","CRITICAL","Mutation without tenantId"
"src/app/api/accounting/banks/recon/create-je/route.ts","journalEntry","create","CRITICAL","Mutation without tenantId"
"src/app/api/accounting/banks/recon/create-je/route.ts","bankStatementLine","update","CRITICAL","Mutation without tenantId"
"src/app/api/accounting/banks/recon/match/route.ts","bankStatementLine","update","CRITICAL","Mutation without tenantId"
"src/app/api/accounting/books/route.ts","accountingBook","create","CRITICAL","Mutation without tenantId"
"src/app/api/accounting/closing/route.ts","fiscalPeriod","update","CRITICAL","Mutation without tenantId"
"src/app/api/accounting/cost-centers/route.ts","costCenter","create","CRITICAL","Mutation without tenantId"
"src/app/api/accounting/cost-centers/route.ts","costCenter","update","CRITICAL","Mutation without tenantId"
"src/app/api/accounting/cost-centers/route.ts","costCenter","delete","CRITICAL","Mutation without tenantId"
"src/app/api/accounting/customer-statements/bulk/run/route.ts","statementBatch","create","CRITICAL","Mutation without tenantId"
"src/app/api/accounting/customer-statements/bulk/run/route.ts","statementDispatchLog","create","CRITICAL","Mutation without tenantId"
"src/app/api/accounting/customer-statements/bulk/run/route.ts","statementBatch","update","CRITICAL","Mutation without tenantId"
"src/app/api/accounting/customer-statements/generate-pdf/route.ts","statementDispatchLog","create","CRITICAL","Mutation without tenantId"
"src/app/api/accounting/customer-statements/templates/route.ts","customerStatementTemplate","create","CRITICAL","Mutation without tenantId"
"src/app/api/accounting/customer-statements/templates/[id]/route.ts","customerStatementTemplate","update","CRITICAL","Mutation without tenantId"
"src/app/api/accounting/customer-statements/templates/[id]/route.ts","customerStatementTemplate","delete","CRITICAL","Mutation without tenantId"
"src/app/api/accounting/dunning/promise-to-pay/route.ts","promiseToPay","create","CRITICAL","Mutation without tenantId"
"src/app/api/accounting/dunning/promise-to-pay/route.ts","customer","update","CRITICAL","Mutation without tenantId"
"src/app/api/accounting/fiscal-years/route.ts","fiscalYear","create","CRITICAL","Mutation without tenantId"
"src/app/api/accounting/journal/[id]/route.ts","journalEntry","update","CRITICAL","Mutation without tenantId"
"src/app/api/accounting/journal/[id]/route.ts","account","update","CRITICAL","Mutation without tenantId"
"src/app/api/accounting/lc/route.ts","letterOfCredit","create","CRITICAL","Mutation without tenantId"
"src/app/api/accounting/lc/route.ts","bankTransaction","create","CRITICAL","Mutation without tenantId"
"src/app/api/accounting/lc/route.ts","bankAccount","update","CRITICAL","Mutation without tenantId"
"src/app/api/accounting/leases/route.ts","ifrsLeaseContract","create","CRITICAL","Mutation without tenantId"
"src/app/api/accounting/leases/route.ts","ifrsLeaseContract","create","CRITICAL","Mutation without tenantId"
"src/app/api/accounting/payment-runs/[id]/generate-files/route.ts","paymentRunBankFile","create","CRITICAL","Mutation without tenantId"
"src/app/api/accounting/payment-runs/[id]/generate-files/route.ts","paymentRun","update","CRITICAL","Mutation without tenantId"
"src/app/api/accounting/payment-runs/[id]/post-journal/route.ts","journalEntry","create","CRITICAL","Mutation without tenantId"
"src/app/api/accounting/payment-runs/[id]/post-journal/route.ts","paymentRun","update","CRITICAL","Mutation without tenantId"
"src/app/api/accounting/payment-runs/[id]/upload-confirmation/route.ts","paymentRunLine","update","CRITICAL","Mutation without tenantId"
"src/app/api/accounting/payment-runs/[id]/upload-confirmation/route.ts","paymentRun","update","CRITICAL","Mutation without tenantId"
"src/app/api/accounting/profit-centers/route.ts","profitCenter","create","CRITICAL","Mutation without tenantId"
"src/app/api/accounting/revenue-recognition/route.ts","salesInvoice","create","CRITICAL","Mutation without tenantId"
"src/app/api/accounting/revenue-recognition/route.ts","deferredRevenueSchedule","create","CRITICAL","Mutation without tenantId"
"src/app/api/accounting/revenue-recognition/route.ts","deferredRevenueSchedule","update","CRITICAL","Mutation without tenantId"
"src/app/api/accounting/reversal/route.ts","journalEntry","update","CRITICAL","Mutation without tenantId"
"src/app/api/accounting/segments/route.ts","segment","create","CRITICAL","Mutation without tenantId"
"src/app/api/accounting/year-end/reopen/route.ts","fiscalYearReopenRequest","create","CRITICAL","Mutation without tenantId"
"src/app/api/adjustments/route.ts","product","update","CRITICAL","Mutation without tenantId"
"src/app/api/admin/e2e-test/route.ts","customer","create","CRITICAL","Mutation without tenantId"
"src/app/api/admin/e2e-test/route.ts","salesInvoice","create","CRITICAL","Mutation without tenantId"
"src/app/api/admin/e2e-test/route.ts","eventLog","create","CRITICAL","Mutation without tenantId"
"src/app/api/admin/e2e-test/route.ts","q2CJourney","create","CRITICAL","Mutation without tenantId"
"src/app/api/admin/e2e-test/route.ts","eventLog","create","CRITICAL","Mutation without tenantId"
"src/app/api/admin/e2e-test/route.ts","p2pJourney","create","CRITICAL","Mutation without tenantId"
"src/app/api/admin/e2e-test/route.ts","eventLog","create","CRITICAL","Mutation without tenantId"
"src/app/api/admin/e2e-test/route.ts","o2dJourney","create","CRITICAL","Mutation without tenantId"
"src/app/api/admin/nodes/billing/route.ts","tenantAccount","update","CRITICAL","Mutation without tenantId"
"src/app/api/admin/nodes/sync/route.ts","tenantAccount","upsert","CRITICAL","Mutation without tenantId"
"src/app/api/admin/prompts/route.ts","promptTemplate","create","CRITICAL","Mutation without tenantId"
"src/app/api/ai/copilot/chat/route.ts","aiConversation","create","CRITICAL","Mutation without tenantId"
"src/app/api/ai/copilot/chat/route.ts","aiConversationMessage","create","CRITICAL","Mutation without tenantId"
"src/app/api/ai/copilot/chat/route.ts","aiConversationMessage","create","CRITICAL","Mutation without tenantId"
"src/app/api/ai/predictive-scm/route.ts","purchaseOrder","create","CRITICAL","Mutation without tenantId"
"src/app/api/ap/capture/route.ts","invoiceCapture","create","CRITICAL","Mutation without tenantId"
"src/app/api/assets/route.ts","asset","create","CRITICAL","Mutation without tenantId"
"src/app/api/attendance/face-id/route.ts","attendance","create","CRITICAL","Mutation without tenantId"
"src/app/api/attendance/face-id/route.ts","attendance","update","CRITICAL","Mutation without tenantId"
"src/app/api/attendance/route.ts","attendance","create","CRITICAL","Mutation without tenantId"
"src/app/api/attendance/route.ts","attendance","update","CRITICAL","Mutation without tenantId"
"src/app/api/auth/mfa/regenerate-codes/route.ts","userBackupCode","deleteMany","CRITICAL","Mutation without tenantId"
"src/app/api/auth/mfa/regenerate-codes/route.ts","userBackupCode","create","CRITICAL","Mutation without tenantId"
"src/app/api/auth/mfa/trusted-devices/[id]/route.ts","trustedDevice","update","CRITICAL","Mutation without tenantId"
"src/app/api/auth/sync/route.ts","user","create","MEDIUM","Missing Zod validation"
"src/app/api/b2b/checkout/route.ts","salesOrder","create","CRITICAL","Mutation without tenantId"
"src/app/api/banks/route.ts","bankAccount","create","CRITICAL","Mutation without tenantId"
"src/app/api/banks/route.ts","bankTransaction","create","CRITICAL","Mutation without tenantId"
"src/app/api/banks/[id]/route.ts","bankAccount","update","CRITICAL","Mutation without tenantId"
"src/app/api/banks/[id]/route.ts","bankAccount","delete","CRITICAL","Mutation without tenantId"
"src/app/api/banks/[id]/transactions/route.ts","bankTransaction","create","CRITICAL","Mutation without tenantId"
"src/app/api/banks/[id]/transactions/route.ts","bankAccount","update","CRITICAL","Mutation without tenantId"
"src/app/api/batches/route.ts","productBatch","create","CRITICAL","Mutation without tenantId"
"src/app/api/batches/route.ts","stockMovement","create","CRITICAL","Mutation without tenantId"
"src/app/api/batches/route.ts","product","update","CRITICAL","Mutation without tenantId"
"src/app/api/batches/[id]/route.ts","productBatch","update","CRITICAL","Mutation without tenantId"
"src/app/api/bookings/invoice/route.ts","booking","update","CRITICAL","Mutation without tenantId"
"src/app/api/bookings/invoice/route.ts","salesInvoice","create","HIGH","Status change without audit"
"src/app/api/bookings/invoice/route.ts","booking","update","CRITICAL","Mutation without tenantId"
"src/app/api/bookings/route.ts","booking","create","CRITICAL","Mutation without tenantId"
"src/app/api/bookings/route.ts","treasury","create","CRITICAL","Mutation without tenantId"
"src/app/api/bookings/route.ts","booking","update","CRITICAL","Mutation without tenantId"
"src/app/api/branches/route.ts","company","create","CRITICAL","Mutation without tenantId"
"src/app/api/branches/route.ts","branch","create","CRITICAL","Mutation without tenantId"
"src/app/api/branches/route.ts","branch","update","CRITICAL","Mutation without tenantId"
"src/app/api/branches/route.ts","branch","delete","CRITICAL","Mutation without tenantId"
"src/app/api/budgets/route.ts","budget","create","CRITICAL","Mutation without tenantId"
"src/app/api/budgets/scenarios/route.ts","budgetScenario","create","CRITICAL","Mutation without tenantId"
"src/app/api/budgets/scenarios/route.ts","budgetScenario","update","CRITICAL","Mutation without tenantId"
"src/app/api/budgets/scenarios/route.ts","budgetScenarioLine","deleteMany","CRITICAL","Mutation without tenantId"
"src/app/api/budgets/scenarios/route.ts","budgetScenario","delete","CRITICAL","Mutation without tenantId"
"src/app/api/categories/route.ts","category","create","CRITICAL","Mutation without tenantId"
"src/app/api/categories/[id]/route.ts","category","update","CRITICAL","Mutation without tenantId"
"src/app/api/categories/[id]/route.ts","category","delete","CRITICAL","Mutation without tenantId"
"src/app/api/clinic/appointments/route.ts","appointment","create","CRITICAL","Mutation without tenantId"
"src/app/api/clinic/erx/route.ts","clinicPrescription","create","CRITICAL","Mutation without tenantId"
"src/app/api/clinic/lab/route.ts","labOrder","create","CRITICAL","Mutation without tenantId"
"src/app/api/clinic/lab/route.ts","labResult","update","CRITICAL","Mutation without tenantId"
"src/app/api/clinic/lab/route.ts","labOrder","update","CRITICAL","Mutation without tenantId"
"src/app/api/clinic/lab/route.ts","labOrder","update","CRITICAL","Mutation without tenantId"
"src/app/api/cmms/schedules/route.ts","maintenanceSchedule","create","CRITICAL","Mutation without tenantId"
"src/app/api/cmms/work-orders/route.ts","maintenanceWorkOrder","create","CRITICAL","Mutation without tenantId"
"src/app/api/cmms/work-orders/route.ts","maintenanceWorkOrder","update","CRITICAL","Mutation without tenantId"
"src/app/api/compliance/audits/route.ts","internalAudit","create","CRITICAL","Mutation without tenantId"
"src/app/api/compliance/risks/route.ts","riskRegister","create","CRITICAL","Mutation without tenantId"
"src/app/api/compliance/risks/route.ts","riskRegister","update","CRITICAL","Mutation without tenantId"
"src/app/api/compliance/rules/route.ts","complianceRule","create","CRITICAL","Mutation without tenantId"
"src/app/api/contracts/alerts/route.ts","systemAlert","create","CRITICAL","Mutation without tenantId"
"src/app/api/contracts/renewals/route.ts","contractRenewal","create","CRITICAL","Mutation without tenantId"
"src/app/api/contracts/renewals/route.ts","contractRenewal","update","CRITICAL","Mutation without tenantId"
"src/app/api/contracts/templates/route.ts","contractTemplate","create","CRITICAL","Mutation without tenantId"
"src/app/api/contracts/templates/route.ts","contractTemplate","update","CRITICAL","Mutation without tenantId"
"src/app/api/contracts/templates/route.ts","contractClause","deleteMany","CRITICAL","Mutation without tenantId"
"src/app/api/contracts/templates/route.ts","contractTemplate","delete","CRITICAL","Mutation without tenantId"
"src/app/api/copa/characteristics/route.ts","copaCharacteristic","create","CRITICAL","Mutation without tenantId"
"src/app/api/coupons/route.ts","coupon","create","CRITICAL","Mutation without tenantId"
"src/app/api/coupons/[id]/route.ts","coupon","update","CRITICAL","Mutation without tenantId"
"src/app/api/coupons/[id]/route.ts","coupon","delete","CRITICAL","Mutation without tenantId"
"src/app/api/crm/campaigns/route.ts","crmCampaign","create","CRITICAL","Mutation without tenantId"
"src/app/api/crm/campaigns/route.ts","crmCampaign","update","CRITICAL","Mutation without tenantId"
"src/app/api/crm/campaigns/route.ts","crmCampaign","delete","CRITICAL","Mutation without tenantId"
"src/app/api/crm/leads/route.ts","lead","create","CRITICAL","Mutation without tenantId"
"src/app/api/crm/leads/route.ts","lead","update","CRITICAL","Mutation without tenantId"
"src/app/api/crm/leads/route.ts","lead","update","CRITICAL","Mutation without tenantId"
"src/app/api/crm/opportunities/route.ts","pipelineStage","createMany","CRITICAL","Mutation without tenantId"
"src/app/api/crm/opportunities/route.ts","crmAccount","create","CRITICAL","Mutation without tenantId"
"src/app/api/crm/opportunities/route.ts","opportunity","create","CRITICAL","Mutation without tenantId"
"src/app/api/crm/opportunities/route.ts","opportunity","update","CRITICAL","Mutation without tenantId"
"src/app/api/crm/sla/route.ts","slaPolicy","create","CRITICAL","Mutation without tenantId"
"src/app/api/crm/sla/route.ts","slaPolicy","update","CRITICAL","Mutation without tenantId"
"src/app/api/crm/tickets/route.ts","supportTicket","create","CRITICAL","Mutation without tenantId"
"src/app/api/crm/tickets/route.ts","supportTicket","update","CRITICAL","Mutation without tenantId"
"src/app/api/crm/whatsapp/webhook/route.ts","setting","upsert","CRITICAL","Mutation without tenantId"
"src/app/api/cron/debts/route.ts","installment","update","CRITICAL","Mutation without tenantId"
"src/app/api/cron/debts/route.ts","customer","update","CRITICAL","Mutation without tenantId"
"src/app/api/cron/hr/route.ts","attendance","create","CRITICAL","Mutation without tenantId"
"src/app/api/cron/hr/route.ts","salary","update","CRITICAL","Mutation without tenantId"
"src/app/api/cron/hr/route.ts","salary","create","CRITICAL","Mutation without tenantId"
"src/app/api/cron/predictive-po/route.ts","purchaseOrder","create","CRITICAL","Mutation without tenantId"
"src/app/api/cron/self-healer/route.ts","salesInvoice","update","CRITICAL","Mutation without tenantId"
"src/app/api/cron/shifts/route.ts","shift","update","CRITICAL","Mutation without tenantId"
"src/app/api/customer/table/[qrToken]/route.ts","waiterCall","create","CRITICAL","Mutation without tenantId"
"src/app/api/customers/route.ts","customer","create","CRITICAL","Mutation without tenantId"
"src/app/api/customers/route.ts","customer","deleteMany","CRITICAL","Mutation without tenantId"
"src/app/api/customers/[id]/gdpr-delete/route.ts","customer","update","CRITICAL","Mutation without tenantId"
"src/app/api/customers/[id]/hold/route.ts","customer","update","CRITICAL","Mutation without tenantId"
"src/app/api/customers/[id]/hold/route.ts","documentStateLog","create","CRITICAL","Mutation without tenantId"
"src/app/api/customers/[id]/route.ts","customer","update","CRITICAL","Mutation without tenantId"
"src/app/api/customers/[id]/route.ts","customer","delete","CRITICAL","Mutation without tenantId"
"src/app/api/desktop/verify-license/route.ts","desktopLicense","update","CRITICAL","Mutation without tenantId"
"src/app/api/desktop/verify-license/route.ts","desktopLicense","update","CRITICAL","Mutation without tenantId"
"src/app/api/desktop/verify-license/route.ts","desktopLicense","update","CRITICAL","Mutation without tenantId"
"src/app/api/dms/route.ts","dmsFolder","create","CRITICAL","Mutation without tenantId"
"src/app/api/dms/route.ts","dmsDocument","create","CRITICAL","Mutation without tenantId"
"src/app/api/documents/route.ts","documentArchive","create","CRITICAL","Mutation without tenantId"
"src/app/api/documents/transition/route.ts","documentStateLog","create","CRITICAL","Mutation without tenantId"
"src/app/api/documents/[id]/route.ts","documentArchive","delete","CRITICAL","Mutation without tenantId"
"src/app/api/ecommerce/orders/route.ts","onlineOrder","update","CRITICAL","Mutation without tenantId"
"src/app/api/ecommerce/stores/route.ts","storeFront","create","CRITICAL","Mutation without tenantId"
"src/app/api/ecommerce/stores/route.ts","storeFront","update","CRITICAL","Mutation without tenantId"
"src/app/api/ecommerce/sync/route.ts","customer","create","CRITICAL","Mutation without tenantId"
"src/app/api/ecommerce/sync/route.ts","salesInvoice","create","CRITICAL","Mutation without tenantId"
"src/app/api/employees/route.ts","employee","create","CRITICAL","Mutation without tenantId"
"src/app/api/employees/route.ts","employee","update","CRITICAL","Mutation without tenantId"
"src/app/api/employees/[id]/route.ts","employee","update","CRITICAL","Mutation without tenantId"
"src/app/api/employees/[id]/route.ts","employee","delete","CRITICAL","Mutation without tenantId"
"src/app/api/enterprise/fleet/route.ts","vehicle","create","CRITICAL","Mutation without tenantId"
"src/app/api/enterprise/legal/route.ts","promissoryNote","create","CRITICAL","Mutation without tenantId"
"src/app/api/enterprise/legal/route.ts","letterOfGuarantee","create","CRITICAL","Mutation without tenantId"
"src/app/api/enterprise/legal/route.ts","promissoryNote","update","CRITICAL","Mutation without tenantId"
"src/app/api/enterprise/legal/route.ts","checkTransaction","create","CRITICAL","Mutation without tenantId"
"src/app/api/enterprise/mrp/route.ts","machine","create","CRITICAL","Mutation without tenantId"
"src/app/api/enterprise/mrp/route.ts","manufacturingOrder","create","CRITICAL","Mutation without tenantId"
"src/app/api/enterprise/mrp/route.ts","manufacturingOrder","update","CRITICAL","Mutation without tenantId"
"src/app/api/enterprise/mrp/route.ts","machine","update","CRITICAL","Mutation without tenantId"
"src/app/api/enterprise/projects/budget/route.ts","projectBudgetLine","create","CRITICAL","Mutation without tenantId"
"src/app/api/enterprise/projects/budget/route.ts","projectBudgetLine","update","CRITICAL","Mutation without tenantId"
"src/app/api/enterprise/projects/route.ts","project","create","CRITICAL","Mutation without tenantId"
"src/app/api/enterprise/projects/route.ts","project","delete","CRITICAL","Mutation without tenantId"
"src/app/api/enterprise/projects/route.ts","project","update","CRITICAL","Mutation without tenantId"
"src/app/api/enterprise/projects/tasks/route.ts","projectTask","create","CRITICAL","Mutation without tenantId"
"src/app/api/enterprise/projects/tasks/route.ts","projectTask","update","CRITICAL","Mutation without tenantId"
"src/app/api/enterprise/projects/tasks/route.ts","projectTask","delete","CRITICAL","Mutation without tenantId"
"src/app/api/enterprise/property/route.ts","property","create","CRITICAL","Mutation without tenantId"
"src/app/api/enterprise/property/route.ts","propertyUnit","createMany","CRITICAL","Mutation without tenantId"
"src/app/api/enterprise/quality/route.ts","qualityInspection","create","CRITICAL","Mutation without tenantId"
"src/app/api/enterprise/wms/route.ts","warehouseZone","create","CRITICAL","Mutation without tenantId"
"src/app/api/enterprise/wms/route.ts","warehouseRack","create","CRITICAL","Mutation without tenantId"
"src/app/api/enterprise/wms/route.ts","warehouseBin","create","CRITICAL","Mutation without tenantId"
"src/app/api/esign/route.ts","signatureRequest","create","CRITICAL","Mutation without tenantId"
"src/app/api/events/registrations/route.ts","eventRegistration","create","CRITICAL","Mutation without tenantId"
"src/app/api/events/registrations/route.ts","event","update","CRITICAL","Mutation without tenantId"
"src/app/api/events/route.ts","event","create","CRITICAL","Mutation without tenantId"
"src/app/api/expenses/route.ts","expense","create","CRITICAL","Mutation without tenantId"
"src/app/api/expenses/route.ts","expense","update","CRITICAL","Mutation without tenantId"
"src/app/api/expenses/route.ts","treasury","updateMany","CRITICAL","Mutation without tenantId"
"src/app/api/expenses/route.ts","expense","delete","CRITICAL","Mutation without tenantId"
"src/app/api/field-service/orders/route.ts","fieldServiceOrder","create","CRITICAL","Mutation without tenantId"
"src/app/api/field-service/orders/route.ts","fieldServiceOrder","update","CRITICAL","Mutation without tenantId"
"src/app/api/finance/assets/route.ts","fixedAsset","create","CRITICAL","Mutation without tenantId"
"src/app/api/finance/auto-ecl/route.ts","journalEntry","create","CRITICAL","Mutation without tenantId"
"src/app/api/finance/bank-recon/rules/route.ts","bankReconRule","create","CRITICAL","Mutation without tenantId"
"src/app/api/finance/bank-recon/rules/route.ts","bankReconRule","update","CRITICAL","Mutation without tenantId"
"src/app/api/finance/bank-recon/rules/route.ts","bankReconRule","delete","CRITICAL","Mutation without tenantId"
"src/app/api/finance/budget/route.ts","budgetVersion","create","CRITICAL","Mutation without tenantId"
"src/app/api/finance/budget/route.ts","budgetLine","create","CRITICAL","Mutation without tenantId"
"src/app/api/finance/budget/route.ts","budgetVersion","update","CRITICAL","Mutation without tenantId"
"src/app/api/finance/cash-flow/forecast/route.ts","cashFlowForecast","create","CRITICAL","Mutation without tenantId"
"src/app/api/finance/checks/route.ts","checkTransaction","create","CRITICAL","Mutation without tenantId"
"src/app/api/finance/checks/[id]/process/route.ts","checkTransaction","update","CRITICAL","Mutation without tenantId"
"src/app/api/finance/consolidation/elimination/route.ts","consolidationRun","create","CRITICAL","Mutation without tenantId"
"src/app/api/finance/consolidation/elimination/route.ts","consolidationLine","createMany","CRITICAL","Mutation without tenantId"
"src/app/api/finance/payment-run/propose/route.ts","paymentRun","create","CRITICAL","Mutation without tenantId"
"src/app/api/finance/payment-run/[id]/approve/route.ts","paymentRun","update","CRITICAL","Mutation without tenantId"
"src/app/api/finance/payment-run/[id]/confirm/route.ts","paymentRun","update","CRITICAL","Mutation without tenantId"
"src/app/api/finance/payment-run/[id]/confirm/route.ts","purchaseInvoice","updateMany","CRITICAL","Mutation without tenantId"
"src/app/api/finance/payment-run/[id]/send-bank/route.ts","paymentRun","update","CRITICAL","Mutation without tenantId"
"src/app/api/finance/period-close/route.ts","periodCloseChecklist","createMany","HIGH","Status change without audit"
"src/app/api/finance/period-close/[id]/step/route.ts","periodCloseChecklist","update","CRITICAL","Mutation without tenantId"
"src/app/api/finance/petty-cash/route.ts","pettyCashTransaction","create","CRITICAL","Mutation without tenantId"
"src/app/api/finance/petty-cash/[id]/process/route.ts","pettyCashTransaction","update","CRITICAL","Mutation without tenantId"
"src/app/api/finance/reconciliations/route.ts","bankReconciliation","create","CRITICAL","Mutation without tenantId"
"src/app/api/finance/reconciliations/[id]/route.ts","journalLine","updateMany","CRITICAL","Mutation without tenantId"
"src/app/api/finance/reconciliations/[id]/route.ts","bankReconciliation","update","CRITICAL","Mutation without tenantId"
"src/app/api/fixed-assets/route.ts","fixedAsset","create","CRITICAL","Mutation without tenantId"
"src/app/api/fixed-assets/[id]/depreciate/route.ts","fixedAsset","update","CRITICAL","Mutation without tenantId"
"src/app/api/fixed-assets/[id]/depreciate/route.ts","journalEntry","create","CRITICAL","Mutation without tenantId"
"src/app/api/fixed-assets/[id]/depreciate/route.ts","assetDepreciationLog","create","CRITICAL","Mutation without tenantId"
"src/app/api/fixed-assets/[id]/route.ts","fixedAsset","update","CRITICAL","Mutation without tenantId"
"src/app/api/fixed-assets/[id]/route.ts","fixedAsset","delete","CRITICAL","Mutation without tenantId"
"src/app/api/fleet/fuel/route.ts","fuelLog","create","CRITICAL","Mutation without tenantId"
"src/app/api/fleet/trips/route.ts","fleetTrip","create","CRITICAL","Mutation without tenantId"
"src/app/api/fng/budgets/route.ts","budget","create","CRITICAL","Mutation without tenantId"
"src/app/api/fng/budgets/route.ts","budget","update","CRITICAL","Mutation without tenantId"
"src/app/api/fng/budgets/route.ts","budget","delete","CRITICAL","Mutation without tenantId"
"src/app/api/fng/petty-cash-funds/route.ts","employee","create","CRITICAL","Mutation without tenantId"
"src/app/api/fng/petty-cash-funds/route.ts","pettyCashFund","create","CRITICAL","Mutation without tenantId"
"src/app/api/fng/petty-cash-funds/route.ts","pettyCashFund","update","CRITICAL","Mutation without tenantId"
"src/app/api/fng/petty-cash-funds/route.ts","pettyCashFund","delete","CRITICAL","Mutation without tenantId"
"src/app/api/fsm/complete/route.ts","serviceTicket","update","CRITICAL","Mutation without tenantId"
"src/app/api/fsm/tickets/route.ts","serviceTicket","create","CRITICAL","Mutation without tenantId"
"src/app/api/fx/route.ts","exchangeRate","create","CRITICAL","Mutation without tenantId"
"src/app/api/gift-cards/route.ts","giftCard","create","CRITICAL","Mutation without tenantId"
"src/app/api/gift-cards/[id]/route.ts","giftCard","update","CRITICAL","Mutation without tenantId"
"src/app/api/gift-cards/[id]/route.ts","giftCard","delete","CRITICAL","Mutation without tenantId"
"src/app/api/hr/attendance/route.ts","attendance","create","CRITICAL","Mutation without tenantId"
"src/app/api/hr/attendance/route.ts","attendance","update","CRITICAL","Mutation without tenantId"
"src/app/api/hr/attendance/route.ts","attendance","update","CRITICAL","Mutation without tenantId"
"src/app/api/hr/employees/route.ts","employee","create","CRITICAL","Mutation without tenantId"
"src/app/api/hr/eos/[id]/route.ts","endOfServiceCalculation","update","CRITICAL","Mutation without tenantId"
"src/app/api/hr/eos/[id]/route.ts","endOfServiceCalculation","update","CRITICAL","Mutation without tenantId"
"src/app/api/hr/gosi/route.ts","salary","update","CRITICAL","Mutation without tenantId"
"src/app/api/hr/jobs/route.ts","jobPosting","create","CRITICAL","Mutation without tenantId"
"src/app/api/hr/leaves/[id]/route.ts","leaveRequest","update","CRITICAL","Mutation without tenantId"
"src/app/api/hr/leaves/[id]/route.ts","leaveBalance","updateMany","CRITICAL","Mutation without tenantId"
"src/app/api/hr/leaves/[id]/route.ts","leaveRequest","update","CRITICAL","Mutation without tenantId"
"src/app/api/hr/leaves/[id]/route.ts","leaveBalance","updateMany","CRITICAL","Mutation without tenantId"
"src/app/api/hr/loans/route.ts","employeeLoan","create","CRITICAL","Mutation without tenantId"
"src/app/api/hr/payroll/calculate/route.ts","employeeLoan","update","CRITICAL","Mutation without tenantId"
"src/app/api/hr/payroll/config/route.ts","setting","update","CRITICAL","Mutation without tenantId"
"src/app/api/hr/payroll/config/route.ts","setting","create","CRITICAL","Mutation without tenantId"
"src/app/api/hr/payroll/generate/route.ts","employeeLoan","update","CRITICAL","Mutation without tenantId"
"src/app/api/hr/payroll/generate/route.ts","salary","create","CRITICAL","Mutation without tenantId"
"src/app/api/hr/payroll/generate/route.ts","journalEntry","create","CRITICAL","Mutation without tenantId"
"src/app/api/hr/payroll/run/route.ts","salary","createMany","HIGH","Status change without audit"
"src/app/api/hr/payroll/run/route.ts","journalEntry","create","CRITICAL","Mutation without tenantId"
"src/app/api/hr/performance/route.ts","employeeEvaluation","create","CRITICAL","Mutation without tenantId"
"src/app/api/hr/training/route.ts","trainingCourse","create","CRITICAL","Mutation without tenantId"
"src/app/api/hr/wps/route.ts","wPSBatch","create","CRITICAL","Mutation without tenantId"
"src/app/api/ice/admin/2fa/disable/route.ts","iceAdmin","update","CRITICAL","Mutation without tenantId"
"src/app/api/ice/admin/2fa/disable/route.ts","iceAuditLog","create","CRITICAL","Mutation without tenantId"
"src/app/api/ice/admin/2fa/enable/route.ts","iceAdmin","update","CRITICAL","Mutation without tenantId"
"src/app/api/ice/admin/2fa/enable/route.ts","iceAuditLog","create","CRITICAL","Mutation without tenantId"
"src/app/api/ice/auth/2fa/verify/route.ts","iceLoginLog","create","CRITICAL","Mutation without tenantId"
"src/app/api/ice/auth/2fa/verify/route.ts","iceAdmin","update","CRITICAL","Mutation without tenantId"
"src/app/api/ice/auth/2fa/verify/route.ts","cookies","delete","CRITICAL","Mutation without tenantId"
"src/app/api/ice/auth/login/route.ts","iceAdmin","update","CRITICAL","Mutation without tenantId"
"src/app/api/ice/auth/login/route.ts","iceLoginLog","create","CRITICAL","Mutation without tenantId"
"src/app/api/ice/auth/route.ts","cookies","delete","CRITICAL","Mutation without tenantId"
"src/app/api/ice/subscriptions/route.ts","iceTenantSubscription","upsert","CRITICAL","Mutation without tenantId"
"src/app/api/ice/subscriptions/route.ts","iceAuditLog","create","CRITICAL","Mutation without tenantId"
"src/app/api/ice/tenant-features/route.ts","tenantFeatureFlag","upsert","CRITICAL","Mutation without tenantId"
"src/app/api/installments/route.ts","installment","create","CRITICAL","Mutation without tenantId"
"src/app/api/integrations/mudad/route.ts","wPSBatch","update","CRITICAL","Mutation without tenantId"
"src/app/api/inventory/abc-analysis/route.ts","product","updateMany","CRITICAL","Mutation without tenantId"
"src/app/api/inventory/quality-control/route.ts","qualityInspection","updateMany","CRITICAL","Mutation without tenantId"
"src/app/api/knowledge/articles/route.ts","kBArticle","create","CRITICAL","Mutation without tenantId"
"src/app/api/knowledge/articles/route.ts","kBArticle","update","CRITICAL","Mutation without tenantId"
"src/app/api/knowledge/categories/route.ts","kBCategory","create","CRITICAL","Mutation without tenantId"
"src/app/api/license/verify/route.ts","desktopLicense","update","CRITICAL","Mutation without tenantId"
"src/app/api/license/verify/route.ts","desktopLicense","update","CRITICAL","Mutation without tenantId"
"src/app/api/lms/courses/route.ts","lmsCourse","create","CRITICAL","Mutation without tenantId"
"src/app/api/logistics/carriers/route.ts","carrierRate","create","CRITICAL","Mutation without tenantId"
"src/app/api/logistics/freight/route.ts","freightOrder","create","CRITICAL","Mutation without tenantId"
"src/app/api/maintenance/route.ts","maintenance","create","CRITICAL","Mutation without tenantId"
"src/app/api/maintenance/route.ts","maintenance","update","CRITICAL","Mutation without tenantId"
"src/app/api/manufacturing/boms/versions/[versionId]/activate/route.ts","bOMVersion","update","CRITICAL","Mutation without tenantId"
"src/app/api/manufacturing/boms/versions/[versionId]/activate/route.ts","bOMVersion","update","CRITICAL","Mutation without tenantId"
"src/app/api/manufacturing/boms/[id]/versions/route.ts","recipe","create","CRITICAL","Mutation without tenantId"
"src/app/api/manufacturing/boms/[id]/versions/route.ts","bOMVersion","create","CRITICAL","Mutation without tenantId"
"src/app/api/manufacturing/boms/[id]/versions/route.ts","engineeringChangeOrder","create","CRITICAL","Mutation without tenantId"
"src/app/api/manufacturing/capa/route.ts","nonConformanceReport","create","CRITICAL","Mutation without tenantId"
"src/app/api/manufacturing/capa/route.ts","correctiveAction","create","CRITICAL","Mutation without tenantId"
"src/app/api/manufacturing/capa/route.ts","correctiveAction","update","CRITICAL","Mutation without tenantId"
"src/app/api/manufacturing/capacity/route.ts","manufacturingOrder","update","CRITICAL","Mutation without tenantId"
"src/app/api/manufacturing/kanban/route.ts","manufacturingOrder","update","CRITICAL","Mutation without tenantId"
"src/app/api/manufacturing/kanban/route.ts","traceabilityLog","create","CRITICAL","Mutation without tenantId"
"src/app/api/manufacturing/mrp/route.ts","purchaseRequisition","create","CRITICAL","Mutation without tenantId"
"src/app/api/manufacturing/orders/route.ts","manufacturingOrder","create","CRITICAL","Mutation without tenantId"
"src/app/api/manufacturing/orders/route.ts","manufacturingWastage","create","CRITICAL","Mutation without tenantId"
"src/app/api/manufacturing/orders/route.ts","manufacturingOrder","update","CRITICAL","Mutation without tenantId"
"src/app/api/manufacturing/orders/route.ts","manufacturingOrder","update","CRITICAL","Mutation without tenantId"
"src/app/api/manufacturing/orders/[id]/route.ts","manufacturingOrder","update","CRITICAL","Mutation without tenantId"
"src/app/api/manufacturing/orders/[id]/route.ts","manufacturingOrder","delete","CRITICAL","Mutation without tenantId"
"src/app/api/manufacturing/qc/route.ts","qualityCheck","create","CRITICAL","Mutation without tenantId"
"src/app/api/manufacturing/qc/route.ts","machineMaintenance","create","CRITICAL","Mutation without tenantId"
"src/app/api/manufacturing/quality-control/route.ts","qualityCheck","create","CRITICAL","Mutation without tenantId"
"src/app/api/manufacturing/quality-control/route.ts","manufacturingOrder","update","CRITICAL","Mutation without tenantId"
"src/app/api/manufacturing/recipes/route.ts","recipe","create","CRITICAL","Mutation without tenantId"
"src/app/api/manufacturing/recipes/[id]/route.ts","recipeIngredient","deleteMany","CRITICAL","Mutation without tenantId"
"src/app/api/manufacturing/recipes/[id]/route.ts","recipe","update","CRITICAL","Mutation without tenantId"
"src/app/api/manufacturing/recipes/[id]/route.ts","recipe","update","CRITICAL","Mutation without tenantId"
"src/app/api/manufacturing/recipes/[id]/route.ts","recipe","delete","CRITICAL","Mutation without tenantId"
"src/app/api/manufacturing/route.ts","manufacturingOrder","create","CRITICAL","Mutation without tenantId"
"src/app/api/manufacturing/route.ts","manufacturingOrder","update","CRITICAL","Mutation without tenantId"
"src/app/api/manufacturing/route.ts","manufacturingOrder","update","CRITICAL","Mutation without tenantId"
"src/app/api/manufacturing/route.ts","manufacturingOrder","update","CRITICAL","Mutation without tenantId"
"src/app/api/manufacturing/routing/route.ts","recipeOperation","deleteMany","CRITICAL","Mutation without tenantId"
"src/app/api/manufacturing/scrap/route.ts","manufacturingWastage","create","CRITICAL","Mutation without tenantId"
"src/app/api/manufacturing/shopfloor/route.ts","shopFloorSession","create","CRITICAL","Mutation without tenantId"
"src/app/api/manufacturing/shopfloor/route.ts","shopFloorSession","update","CRITICAL","Mutation without tenantId"
"src/app/api/manufacturing/shopfloor/route.ts","shopFloorSession","update","CRITICAL","Mutation without tenantId"
"src/app/api/manufacturing/shopfloor/route.ts","shopFloorSession","update","CRITICAL","Mutation without tenantId"
"src/app/api/manufacturing/shopfloor/route.ts","journalEntry","create","CRITICAL","Mutation without tenantId"
"src/app/api/manufacturing/shopfloor/route.ts","andonCall","create","CRITICAL","Mutation without tenantId"
"src/app/api/manufacturing/shopfloor/route.ts","andonCall","update","CRITICAL","Mutation without tenantId"
"src/app/api/manufacturing/work-centers/route.ts","workCenter","create","CRITICAL","Mutation without tenantId"
"src/app/api/manufacturing/work-orders/route.ts","manufacturingOrder","create","CRITICAL","Mutation without tenantId"
"src/app/api/manufacturing/work-orders/route.ts","manufacturingCost","create","CRITICAL","Mutation without tenantId"
"src/app/api/manufacturing/work-orders/route.ts","product","update","CRITICAL","Mutation without tenantId"
"src/app/api/manufacturing/work-orders/route.ts","manufacturingCost","create","CRITICAL","Mutation without tenantId"
"src/app/api/manufacturing/work-orders/route.ts","manufacturingOrder","update","CRITICAL","Mutation without tenantId"
"src/app/api/manufacturing/work-orders/route.ts","manufacturingOrder","update","CRITICAL","Mutation without tenantId"
"src/app/api/manufacturing/work-orders/route.ts","product","update","CRITICAL","Mutation without tenantId"
"src/app/api/master-panel/licenses/route.ts","desktopLicense","create","CRITICAL","Mutation without tenantId"
"src/app/api/pharmacy/drugs/route.ts","pharmacyDrug","create","CRITICAL","Mutation without tenantId"
"src/app/api/pharmacy/insurance/journal/route.ts","journalEntry","create","CRITICAL","Mutation without tenantId"
"src/app/api/pharmacy/insurance/journal/route.ts","insuranceClaim","update","CRITICAL","Mutation without tenantId"
"src/app/api/pharmacy/insurance/route.ts","insuranceClaim","create","CRITICAL","Mutation without tenantId"
"src/app/api/pharmacy/insurance/route.ts","insuranceClaim","update","CRITICAL","Mutation without tenantId"
"src/app/api/pharmacy/patients/route.ts","pharmacyPatient","upsert","CRITICAL","Mutation without tenantId"
"src/app/api/pharmacy/prescriptions/route.ts","prescription","create","CRITICAL","Mutation without tenantId"
"src/app/api/pharmacy/prescriptions/route.ts","prescriptionItem","update","CRITICAL","Mutation without tenantId"
"src/app/api/pharmacy/prescriptions/route.ts","product","update","CRITICAL","Mutation without tenantId"
"src/app/api/pharmacy/prescriptions/route.ts","medicationLog","create","CRITICAL","Mutation without tenantId"
"src/app/api/pharmacy/prescriptions/route.ts","controlledDrugLog","create","CRITICAL","Mutation without tenantId"
"src/app/api/pharmacy/prescriptions/route.ts","prescription","update","CRITICAL","Mutation without tenantId"
"src/app/api/planning/slots/route.ts","planningSlot","create","CRITICAL","Mutation without tenantId"
"src/app/api/planning/slots/route.ts","planningSlot","delete","CRITICAL","Mutation without tenantId"
"src/app/api/portal/messages/route.ts","portalMessage","create","CRITICAL","Mutation without tenantId"
"src/app/api/portal/users/route.ts","portalUser","create","CRITICAL","Mutation without tenantId"
"src/app/api/portal/vendor/rfq/[id]/bid/route.ts","vendorBidDetail","deleteMany","CRITICAL","Mutation without tenantId"
"src/app/api/portal/vendor/rfq/[id]/bid/route.ts","vendorBid","update","CRITICAL","Mutation without tenantId"
"src/app/api/portal/vendor/rfq/[id]/bid/route.ts","vendorBid","create","CRITICAL","Mutation without tenantId"
"src/app/api/pos/checkout/route.ts","salesInvoice","create","CRITICAL","Mutation without tenantId"
"src/app/api/pos/checkout/route.ts","salesInvoiceDetail","create","CRITICAL","Mutation without tenantId"
"src/app/api/pos/checkout/route.ts","product","update","CRITICAL","Mutation without tenantId"
"src/app/api/pos/checkout/route.ts","couponUsage","create","CRITICAL","Mutation without tenantId"
"src/app/api/pos/checkout/route.ts","coupon","update","CRITICAL","Mutation without tenantId"
"src/app/api/pos/checkout/route.ts","loyaltyPoint","update","CRITICAL","Mutation without tenantId"
"src/app/api/pos/checkout/route.ts","loyaltyPoint","create","CRITICAL","Mutation without tenantId"
"src/app/api/pos/checkout/route.ts","loyaltyTransaction","create","CRITICAL","Mutation without tenantId"
"src/app/api/pos/checkout/route.ts","salesInvoice","update","CRITICAL","Mutation without tenantId"
"src/app/api/pos/pending-orders/route.ts","salesInvoice","update","CRITICAL","Mutation without tenantId"
"src/app/api/pos/pending-orders/route.ts","product","update","CRITICAL","Mutation without tenantId"
"src/app/api/pos/pending-orders/route.ts","salesInvoice","update","CRITICAL","Mutation without tenantId"
"src/app/api/pos/restaurant/floor/route.ts","restaurantZone","create","CRITICAL","Mutation without tenantId"
"src/app/api/pos/restaurant/floor/route.ts","restaurantTable","create","CRITICAL","Mutation without tenantId"
"src/app/api/pos/restaurant/floor/route.ts","restaurantTable","update","CRITICAL","Mutation without tenantId"
"src/app/api/pos/restaurant/floor/route.ts","restaurantTable","update","HIGH","Status change without audit"
"src/app/api/pos/restaurant/floor/route.ts","restaurantSession","create","CRITICAL","Mutation without tenantId"
"src/app/api/pos/restaurant/floor/route.ts","restaurantTable","update","CRITICAL","Mutation without tenantId"
"src/app/api/pos/restaurant/floor/route.ts","restaurantSession","updateMany","CRITICAL","Mutation without tenantId"
"src/app/api/pos/restaurant/floor/route.ts","restaurantSession","deleteMany","CRITICAL","Mutation without tenantId"
"src/app/api/pos/restaurant/floor/route.ts","waiterCall","deleteMany","CRITICAL","Mutation without tenantId"
"src/app/api/pos/restaurant/floor/route.ts","restaurantTable","deleteMany","CRITICAL","Mutation without tenantId"
"src/app/api/pos/restaurant/floor/route.ts","restaurantZone","delete","CRITICAL","Mutation without tenantId"
"src/app/api/pos/restaurant/floor/route.ts","restaurantSession","deleteMany","CRITICAL","Mutation without tenantId"
"src/app/api/pos/restaurant/floor/route.ts","waiterCall","deleteMany","CRITICAL","Mutation without tenantId"
"src/app/api/pos/restaurant/floor/route.ts","restaurantTable","delete","CRITICAL","Mutation without tenantId"
"src/app/api/pos/restaurant/kds/route.ts","salesInvoice","update","CRITICAL","Mutation without tenantId"
"src/app/api/pos/restaurant/tables/route.ts","restaurantZone","create","CRITICAL","Mutation without tenantId"
"src/app/api/pos/restaurant/tables/route.ts","restaurantTable","create","CRITICAL","Mutation without tenantId"
"src/app/api/pos/restaurant/tables/route.ts","waiterCall","update","CRITICAL","Mutation without tenantId"
"src/app/api/pos/restaurant/tables/route.ts","restaurantTable","delete","CRITICAL","Mutation without tenantId"
"src/app/api/pos/route.ts","salesInvoice","create","CRITICAL","Mutation without tenantId"
"src/app/api/pos/route.ts","salesInvoiceDetail","create","CRITICAL","Mutation without tenantId"
"src/app/api/pos/route.ts","product","update","CRITICAL","Mutation without tenantId"
"src/app/api/pos/route.ts","productStock","upsert","CRITICAL","Mutation without tenantId"
"src/app/api/pos/route.ts","stockMovement","create","CRITICAL","Mutation without tenantId"
"src/app/api/pos/route.ts","zATCARecord","create","CRITICAL","Mutation without tenantId"
"src/app/api/pos/sync/route.ts","invoice","create","CRITICAL","Mutation without tenantId"
"src/app/api/pos/sync/route.ts","invoiceItem","create","CRITICAL","Mutation without tenantId"
"src/app/api/price-quotes/route.ts","priceQuote","create","CRITICAL","Mutation without tenantId"
"src/app/api/procurement/auto-draft/route.ts","purchaseOrder","create","CRITICAL","Mutation without tenantId"
"src/app/api/procurement/contracts/route.ts","supplierContract","create","CRITICAL","Mutation without tenantId"
"src/app/api/procurement/rfq/[id]/award/route.ts","requestForQuotation","update","CRITICAL","Mutation without tenantId"
"src/app/api/procurement/rfq/[id]/award/route.ts","vendorBid","updateMany","CRITICAL","Mutation without tenantId"
"src/app/api/procurement/rfq/[id]/award/route.ts","vendorBid","update","CRITICAL","Mutation without tenantId"
"src/app/api/procurement/rfq/[id]/award/route.ts","purchaseOrder","create","CRITICAL","Mutation without tenantId"
"src/app/api/procurement/rfq/[id]/invite/route.ts","vendorPortalToken","create","CRITICAL","Mutation without tenantId"
"src/app/api/procurement/rfq/[id]/invite/route.ts","requestForQuotation","update","CRITICAL","Mutation without tenantId"
"src/app/api/procurement/supplier-contracts/route.ts","supplierContract","create","CRITICAL","Mutation without tenantId"
"src/app/api/procurement/vendors/scorecard/route.ts","vendorRating","create","CRITICAL","Mutation without tenantId"
"src/app/api/product-stocks/location/route.ts","productStock","update","CRITICAL","Mutation without tenantId"
"src/app/api/products/import/route.ts","unit","create","CRITICAL","Mutation without tenantId"
"src/app/api/products/import/route.ts","category","create","CRITICAL","Mutation without tenantId"
"src/app/api/products/import/route.ts","product","createMany","CRITICAL","Mutation without tenantId"
"src/app/api/products/import/route.ts","product","create","CRITICAL","Mutation without tenantId"
"src/app/api/products/import/route.ts","product","update","CRITICAL","Mutation without tenantId"
"src/app/api/products/import/route.ts","product","update","CRITICAL","Mutation without tenantId"
"src/app/api/products/route.ts","setting","upsert","CRITICAL","Mutation without tenantId"
"src/app/api/products/route.ts","stock","create","CRITICAL","Mutation without tenantId"
"src/app/api/products/route.ts","productStock","create","CRITICAL","Mutation without tenantId"
"src/app/api/products/route.ts","stockMovement","create","CRITICAL","Mutation without tenantId"
"src/app/api/products/route.ts","productStock","deleteMany","CRITICAL","Mutation without tenantId"
"src/app/api/products/route.ts","product","deleteMany","CRITICAL","Mutation without tenantId"
"src/app/api/products/route.ts","product","updateMany","CRITICAL","Mutation without tenantId"
"src/app/api/products/route.ts","product","updateMany","CRITICAL","Mutation without tenantId"
"src/app/api/products/[id]/route.ts","product","update","CRITICAL","Mutation without tenantId"
"src/app/api/products/[id]/route.ts","stock","create","CRITICAL","Mutation without tenantId"
"src/app/api/products/[id]/route.ts","productStock","upsert","CRITICAL","Mutation without tenantId"
"src/app/api/products/[id]/route.ts","product","update","CRITICAL","Mutation without tenantId"
"src/app/api/products/[id]/route.ts","product","delete","CRITICAL","Mutation without tenantId"
"src/app/api/projects/milestones/route.ts","projectMilestone","create","CRITICAL","Mutation without tenantId"
"src/app/api/projects/milestones/route.ts","projectMilestone","update","CRITICAL","Mutation without tenantId"
"src/app/api/projects/milestones/route.ts","projectMilestone","delete","CRITICAL","Mutation without tenantId"
"src/app/api/projects/phases/route.ts","projectPhase","create","CRITICAL","Mutation without tenantId"
"src/app/api/projects/phases/route.ts","projectPhase","update","CRITICAL","Mutation without tenantId"
"src/app/api/projects/phases/route.ts","projectPhase","delete","CRITICAL","Mutation without tenantId"
"src/app/api/projects/resources/route.ts","projectResource","create","CRITICAL","Mutation without tenantId"
"src/app/api/projects/resources/route.ts","projectResource","delete","CRITICAL","Mutation without tenantId"
"src/app/api/projects/risks/route.ts","projectRisk","create","CRITICAL","Mutation without tenantId"
"src/app/api/projects/risks/route.ts","projectRisk","update","CRITICAL","Mutation without tenantId"
"src/app/api/projects/risks/route.ts","projectRisk","delete","CRITICAL","Mutation without tenantId"
"src/app/api/projects/time-entries/route.ts","projectTimeEntry","create","CRITICAL","Mutation without tenantId"
"src/app/api/projects/time-entries/route.ts","projectTimeEntry","delete","CRITICAL","Mutation without tenantId"
"src/app/api/promotions/route.ts","promotion","create","CRITICAL","Mutation without tenantId"
"src/app/api/promotions/route.ts","promotion","update","CRITICAL","Mutation without tenantId"
"src/app/api/public/call-waiter/route.ts","salesInvoice","create","CRITICAL","Mutation without tenantId"
"src/app/api/public/order/route.ts","salesInvoice","create","CRITICAL","Mutation without tenantId"
"src/app/api/public/order/route.ts","salesInvoiceDetail","create","CRITICAL","Mutation without tenantId"
"src/app/api/purchase-orders/[id]/landed-costs/route.ts","landedCost","create","CRITICAL","Mutation without tenantId"
"src/app/api/purchase-orders/[id]/route.ts","purchaseOrder","update","CRITICAL","Mutation without tenantId"
"src/app/api/purchase-orders/[id]/route.ts","purchaseInvoice","create","CRITICAL","Mutation without tenantId"
"src/app/api/purchase-orders/[id]/route.ts","product","update","CRITICAL","Mutation without tenantId"
"src/app/api/purchase-orders/[id]/route.ts","productStock","upsert","CRITICAL","Mutation without tenantId"
"src/app/api/purchase-returns/route.ts","purchaseReturn","create","CRITICAL","Mutation without tenantId"
"src/app/api/purchase-returns/route.ts","product","update","CRITICAL","Mutation without tenantId"
"src/app/api/purchase-returns/route.ts","productStock","update","CRITICAL","Mutation without tenantId"
"src/app/api/purchase-returns/route.ts","stockMovement","create","CRITICAL","Mutation without tenantId"
"src/app/api/purchases/grn/route.ts","goodsReceiptNote","create","CRITICAL","Mutation without tenantId"
"src/app/api/purchases/grn/route.ts","productBatch","create","CRITICAL","Mutation without tenantId"
"src/app/api/purchases/grn/route.ts","goodsReceiptNoteDetail","create","CRITICAL","Mutation without tenantId"
"src/app/api/purchases/grn/route.ts","product","updateMany","CRITICAL","Mutation without tenantId"
"src/app/api/purchases/grn/route.ts","stockMovement","create","CRITICAL","Mutation without tenantId"
"src/app/api/purchases/grn/route.ts","systemAlert","create","CRITICAL","Mutation without tenantId"
"src/app/api/purchases/grn/route.ts","qualityInspection","create","CRITICAL","Mutation without tenantId"
"src/app/api/purchases/letters-of-credit/landed-costs/route.ts","product","update","CRITICAL","Mutation without tenantId"
"src/app/api/purchases/letters-of-credit/route.ts","letterOfCredit","create","CRITICAL","Mutation without tenantId"
"src/app/api/purchases/letters-of-credit/[id]/route.ts","letterOfCredit","update","CRITICAL","Mutation without tenantId"
"src/app/api/purchases/letters-of-credit/[id]/route.ts","letterOfCredit","delete","CRITICAL","Mutation without tenantId"
"src/app/api/purchases/matching/route.ts","threeWayMatch","create","CRITICAL","Mutation without tenantId"
"src/app/api/purchases/matching/route.ts","purchaseInvoice","update","CRITICAL","Mutation without tenantId"
"src/app/api/purchases/matching/[id]/resolve/route.ts","threeWayMatch","update","CRITICAL","Mutation without tenantId"
"src/app/api/purchases/matching/[id]/resolve/route.ts","purchaseInvoice","update","CRITICAL","Mutation without tenantId"
"src/app/api/purchases/po/[id]/landed-costs/route.ts","landedCost","create","CRITICAL","Mutation without tenantId"
"src/app/api/purchases/po/[id]/landed-costs/[costId]/allocate/route.ts","product","update","CRITICAL","Mutation without tenantId"
"src/app/api/purchases/po/[id]/landed-costs/[costId]/allocate/route.ts","landedCost","update","CRITICAL","Mutation without tenantId"
"src/app/api/purchases/requisitions/route.ts","purchaseRequisition","create","CRITICAL","Mutation without tenantId"
"src/app/api/purchases/rfq/route.ts","requestForQuotation","create","CRITICAL","Mutation without tenantId"
"src/app/api/purchases/route.ts","purchaseInvoice","create","CRITICAL","Mutation without tenantId"
"src/app/api/purchases/route.ts","product","updateMany","CRITICAL","Mutation without tenantId"
"src/app/api/purchases/route.ts","stockMovement","create","CRITICAL","Mutation without tenantId"
"src/app/api/purchases/route.ts","purchaseInvoice","update","CRITICAL","Mutation without tenantId"
"src/app/api/purchases/route.ts","product","updateMany","CRITICAL","Mutation without tenantId"
"src/app/api/purchases/route.ts","productStock","upsert","CRITICAL","Mutation without tenantId"
"src/app/api/purchases/route.ts","treasury","deleteMany","CRITICAL","Mutation without tenantId"
"src/app/api/purchases/route.ts","purchaseInvoice","deleteMany","CRITICAL","Mutation without tenantId"
"src/app/api/purchases/three-way-match/route.ts","threeWayMatch","update","CRITICAL","Mutation without tenantId"
"src/app/api/purchases/[id]/receive/route.ts","product","update","CRITICAL","Mutation without tenantId"
"src/app/api/purchases/[id]/receive/route.ts","productStock","upsert","CRITICAL","Mutation without tenantId"
"src/app/api/purchases/[id]/receive/route.ts","purchaseInvoice","update","CRITICAL","Mutation without tenantId"
"src/app/api/recurring-invoices/route.ts","salesOrder","create","CRITICAL","Mutation without tenantId"
"src/app/api/rem/leases/route.ts","leaseContract","create","CRITICAL","Mutation without tenantId"
"src/app/api/rent/route.ts","rentInvoice","create","CRITICAL","Mutation without tenantId"
"src/app/api/rent/route.ts","rentInvoiceDetail","create","CRITICAL","Mutation without tenantId"
"src/app/api/rent/route.ts","zATCARecord","create","CRITICAL","Mutation without tenantId"
"src/app/api/rental/agreements/route.ts","rentalAgreement","create","CRITICAL","Mutation without tenantId"
"src/app/api/rental/agreements/route.ts","rentalAgreement","update","CRITICAL","Mutation without tenantId"
"src/app/api/rental/returns/route.ts","rentalReturn","create","CRITICAL","Mutation without tenantId"
"src/app/api/rental/returns/route.ts","rentalAgreement","update","CRITICAL","Mutation without tenantId"
"src/app/api/reports/zatca-vat/route.ts","vATReturn","create","CRITICAL","Mutation without tenantId"
"src/app/api/salaries/route.ts","salary","create","CRITICAL","Mutation without tenantId"
"src/app/api/salaries/route.ts","treasury","create","CRITICAL","Mutation without tenantId"
"src/app/api/sales/atp/check/route.ts","atpCheck","create","CRITICAL","Mutation without tenantId"
"src/app/api/sales/commissions/calculate/route.ts","salesmanCommission","create","CRITICAL","Mutation without tenantId"
"src/app/api/sales/delivery-notes/route.ts","deliveryNote","create","CRITICAL","Mutation without tenantId"
"src/app/api/sales/invoices/route.ts","salesInvoice","create","CRITICAL","Mutation without tenantId"
"src/app/api/sales/invoices/route.ts","documentStateLog","create","CRITICAL","Mutation without tenantId"
"src/app/api/sales/pricing/route.ts","priceList","create","CRITICAL","Mutation without tenantId"
"src/app/api/sales/returns/route.ts","salesReturn","create","CRITICAL","Mutation without tenantId"
"src/app/api/sales/returns/route.ts","documentStateLog","create","CRITICAL","Mutation without tenantId"
"src/app/api/sales/returns/[id]/[action]/route.ts","salesReturn","update","CRITICAL","Mutation without tenantId"
"src/app/api/sales/route.ts","salesInvoice","create","CRITICAL","Mutation without tenantId"
"src/app/api/sales/route.ts","product","updateMany","CRITICAL","Mutation without tenantId"
"src/app/api/sales/route.ts","product","updateMany","CRITICAL","Mutation without tenantId"
"src/app/api/sales/route.ts","outboxEvent","create","CRITICAL","Mutation without tenantId"
"src/app/api/sales/route.ts","salesInvoice","update","CRITICAL","Mutation without tenantId"
"src/app/api/sales/route.ts","salesInvoice","update","CRITICAL","Mutation without tenantId"
"src/app/api/sales/route.ts","product","updateMany","CRITICAL","Mutation without tenantId"
"src/app/api/sales/route.ts","productStock","upsert","CRITICAL","Mutation without tenantId"
"src/app/api/sales/route.ts","salesInvoice","deleteMany","CRITICAL","Mutation without tenantId"
"src/app/api/sales/route.ts","product","updateMany","CRITICAL","Mutation without tenantId"
"src/app/api/sales/route.ts","productStock","upsert","CRITICAL","Mutation without tenantId"
"src/app/api/sales/route.ts","salesInvoice","delete","CRITICAL","Mutation without tenantId"
"src/app/api/sales/routes/route.ts","route","create","CRITICAL","Mutation without tenantId"
"src/app/api/sales/targets/route.ts","salesTarget","create","CRITICAL","Mutation without tenantId"
"src/app/api/sales-orders/[id]/process/route.ts","salesOrder","update","CRITICAL","Mutation without tenantId"
"src/app/api/sales-orders/[id]/process/route.ts","salesOrder","update","CRITICAL","Mutation without tenantId"
"src/app/api/sales-orders/[id]/process/route.ts","salesInvoice","create","CRITICAL","Mutation without tenantId"
"src/app/api/sales-orders/[id]/process/route.ts","salesOrder","update","CRITICAL","Mutation without tenantId"
"src/app/api/sales-returns/route.ts","salesReturn","create","CRITICAL","Mutation without tenantId"
"src/app/api/sales-returns/route.ts","product","update","CRITICAL","Mutation without tenantId"
"src/app/api/sales-returns/route.ts","productStock","upsert","CRITICAL","Mutation without tenantId"
"src/app/api/sales-returns/route.ts","stockMovement","create","CRITICAL","Mutation without tenantId"
"src/app/api/saudi/qiwa/contracts/[employeeId]/route.ts","qiwaContract","create","CRITICAL","Mutation without tenantId"
"src/app/api/school/route.ts","schoolInvoice","create","CRITICAL","Mutation without tenantId"
"src/app/api/school/route.ts","schoolInvoiceDetail","create","CRITICAL","Mutation without tenantId"
"src/app/api/school/route.ts","zATCARecord","create","CRITICAL","Mutation without tenantId"
"src/app/api/settings/api-keys/route.ts","apiKey","create","CRITICAL","Mutation without tenantId"
"src/app/api/settings/api-keys/[id]/route.ts","apiKey","update","CRITICAL","Mutation without tenantId"
"src/app/api/settings/api-keys/[id]/route.ts","apiKey","update","CRITICAL","Mutation without tenantId"
"src/app/api/settings/approvals/route.ts","approvalRule","create","CRITICAL","Mutation without tenantId"
"src/app/api/settings/approvals/[id]/route.ts","approvalRule","update","CRITICAL","Mutation without tenantId"
"src/app/api/settings/approvals/[id]/route.ts","approvalRule","delete","CRITICAL","Mutation without tenantId"
"src/app/api/settings/currencies/route.ts","currency","createMany","CRITICAL","Mutation without tenantId"
"src/app/api/settings/currencies/route.ts","currency","updateMany","CRITICAL","Mutation without tenantId"
"src/app/api/settings/currencies/route.ts","currency","create","CRITICAL","Mutation without tenantId"
"src/app/api/settings/currencies/[id]/route.ts","currency","updateMany","CRITICAL","Mutation without tenantId"
"src/app/api/settings/currencies/[id]/route.ts","currency","update","CRITICAL","Mutation without tenantId"
"src/app/api/settings/currencies/[id]/route.ts","currency","delete","CRITICAL","Mutation without tenantId"
"src/app/api/settings/exchange-rates/route.ts","exchangeRate","create","CRITICAL","Mutation without tenantId"
"src/app/api/settings/exchange-rates/route.ts","currency","update","CRITICAL","Mutation without tenantId"
"src/app/api/settings/exchange-rates/[id]/route.ts","exchangeRate","delete","CRITICAL","Mutation without tenantId"
"src/app/api/settings/generate-barcode/route.ts","setting","upsert","CRITICAL","Mutation without tenantId"
"src/app/api/settings/generate-keys/route.ts","setting","upsert","CRITICAL","Mutation without tenantId"
"src/app/api/settings/permissions/fields/route.ts","roleFieldPermission","upsert","CRITICAL","Mutation without tenantId"
"src/app/api/settings/roles/route.ts","userPermission","deleteMany","CRITICAL","Mutation without tenantId"
"src/app/api/settings/roles/route.ts","userPermission","createMany","CRITICAL","Mutation without tenantId"
"src/app/api/settings/route.ts","setting","deleteMany","CRITICAL","Mutation without tenantId"
"src/app/api/settings/route.ts","setting","upsert","CRITICAL","Mutation without tenantId"
"src/app/api/settings/state-machine/route.ts","documentStateMachine","create","CRITICAL","Mutation without tenantId"
"src/app/api/settings/upload-logo/route.ts","setting","upsert","CRITICAL","Mutation without tenantId"
"src/app/api/settings/zatca-onboard/route.ts","setting","upsert","CRITICAL","Mutation without tenantId"
"src/app/api/settings/[key]/route.ts","setting","upsert","CRITICAL","Mutation without tenantId"
"src/app/api/shifts/route.ts","shift","create","CRITICAL","Mutation without tenantId"
"src/app/api/shifts/route.ts","shift","update","CRITICAL","Mutation without tenantId"
"src/app/api/shifts/route.ts","shift","delete","CRITICAL","Mutation without tenantId"
"src/app/api/shipments/route.ts","shipment","create","CRITICAL","Mutation without tenantId"
"src/app/api/smart-transfers/route.ts","productStock","update","CRITICAL","Mutation without tenantId"
"src/app/api/smart-transfers/route.ts","stockMovement","create","CRITICAL","Mutation without tenantId"
"src/app/api/smart-transfers/route.ts","stockMovement","update","CRITICAL","Mutation without tenantId"
"src/app/api/smart-transfers/route.ts","productStock","update","CRITICAL","Mutation without tenantId"
"src/app/api/smart-transfers/route.ts","productStock","create","CRITICAL","Mutation without tenantId"
"src/app/api/smart-transfers/route.ts","stockMovement","create","CRITICAL","Mutation without tenantId"
"src/app/api/stock/adjustments/route.ts","product","updateMany","CRITICAL","Mutation without tenantId"
"src/app/api/stock/adjustments/route.ts","stockMovement","create","CRITICAL","Mutation without tenantId"
"src/app/api/stock-movements/route.ts","stockMovement","create","CRITICAL","Mutation without tenantId"
"src/app/api/stock-movements/route.ts","productStock","upsert","CRITICAL","Mutation without tenantId"
"src/app/api/stock-transfers/route.ts","stockTransfer","create","CRITICAL","Mutation without tenantId"
"src/app/api/stock-transfers/route.ts","productStock","create","CRITICAL","Mutation without tenantId"
"src/app/api/stocktake/route.ts","stocktake","create","CRITICAL","Mutation without tenantId"
"src/app/api/stocktake/route.ts","stockMovement","create","CRITICAL","Mutation without tenantId"
"src/app/api/subscriptions/plans/route.ts","subscriptionPlan","create","CRITICAL","Mutation without tenantId"
"src/app/api/subscriptions/plans/route.ts","subscriptionPlan","update","CRITICAL","Mutation without tenantId"
"src/app/api/subscriptions/route.ts","setting","upsert","CRITICAL","Mutation without tenantId"
"src/app/api/subscriptions/route.ts","setting","upsert","CRITICAL","Mutation without tenantId"
"src/app/api/subscriptions/route.ts","tenantAccount","update","CRITICAL","Mutation without tenantId"
"src/app/api/subscriptions/route.ts","setting","upsert","CRITICAL","Mutation without tenantId"
"src/app/api/subscriptions/route.ts","tenantAccount","update","CRITICAL","Mutation without tenantId"
"src/app/api/subscriptions/route.ts","tenantAccount","update","CRITICAL","Mutation without tenantId"
"src/app/api/sys/desktop-crash/route.ts","desktopCrashReport","create","CRITICAL","Mutation without tenantId"
"src/app/api/system/numbering/route.ts","numberingSequence","update","CRITICAL","Mutation without tenantId"
"src/app/api/system/numbering/route.ts","numberingSequence","create","CRITICAL","Mutation without tenantId"
"src/app/api/system/numbering/route.ts","numberingSequence","update","CRITICAL","Mutation without tenantId"
"src/app/api/telegram/webhook/route.ts","setting","upsert","CRITICAL","Mutation without tenantId"
"src/app/api/tenant/create/route.ts","tenantAccount","create","CRITICAL","Mutation without tenantId"
"src/app/api/tenant/provision/route.ts","setting","upsert","CRITICAL","Mutation without tenantId"
"src/app/api/tenant/provision/route.ts","company","create","CRITICAL","Mutation without tenantId"
"src/app/api/tenant/provision/route.ts","branch","create","CRITICAL","Mutation without tenantId"
"src/app/api/tenant/provision/route.ts","stock","create","CRITICAL","Mutation without tenantId"
"src/app/api/tenant/provision/route.ts","customer","create","CRITICAL","Mutation without tenantId"
"src/app/api/tenant/provision/route.ts","unit","createMany","CRITICAL","Mutation without tenantId"
"src/app/api/tenant/provision/route.ts","tenantAccount","upsert","CRITICAL","Mutation without tenantId"
"src/app/api/treasury/bank-import/route.ts","bankStatementLine","update","CRITICAL","Mutation without tenantId"
"src/app/api/treasury/bank-import/route.ts","treasury","update","CRITICAL","Mutation without tenantId"
"src/app/api/treasury/bank-recon/route.ts","bankStatement","create","CRITICAL","Mutation without tenantId"
"src/app/api/treasury/bank-recon/route.ts","bankStatementLine","update","CRITICAL","Mutation without tenantId"
"src/app/api/treasury/bank-recon/route.ts","bankStatementLine","update","CRITICAL","Mutation without tenantId"
"src/app/api/treasury/bank-statements/route.ts","bankStatement","create","CRITICAL","Mutation without tenantId"
"src/app/api/treasury/cash-position/snapshot/route.ts","cashPositionSnapshot","create","CRITICAL","Mutation without tenantId"
"src/app/api/treasury/liquidity/forecast/generate/route.ts","liquidityScenario","create","CRITICAL","Mutation without tenantId"
"src/app/api/treasury/liquidity/forecast/generate/route.ts","liquidityForecast","deleteMany","CRITICAL","Mutation without tenantId"
"src/app/api/treasury/liquidity/forecast/generate/route.ts","liquidityForecast","createMany","CRITICAL","Mutation without tenantId"
"src/app/api/units/route.ts","unit","create","CRITICAL","Mutation without tenantId"
"src/app/api/units/route.ts","unit","delete","CRITICAL","Mutation without tenantId"
"src/app/api/users/route.ts","userPermission","create","CRITICAL","Mutation without tenantId"
"src/app/api/users/route.ts","userPermission","create","CRITICAL","Mutation without tenantId"
"src/app/api/users/route.ts","userPermission","deleteMany","CRITICAL","Mutation without tenantId"
"src/app/api/users/route.ts","userPermission","create","CRITICAL","Mutation without tenantId"
"src/app/api/users/route.ts","userPermission","deleteMany","CRITICAL","Mutation without tenantId"
"src/app/api/users/route.ts","userPermission","create","CRITICAL","Mutation without tenantId"
"src/app/api/users/route.ts","userPermission","deleteMany","CRITICAL","Mutation without tenantId"
"src/app/api/v3/clinic/emr/route.ts","clinicPatientRecord","create","CRITICAL","Mutation without tenantId"
"src/app/api/v3/construction/boq/route.ts","constructionBOQ","create","CRITICAL","Mutation without tenantId"
"src/app/api/v3/distribution/wms/route.ts","distributionRoute","create","CRITICAL","Mutation without tenantId"
"src/app/api/v3/manufacturing/mrp/route.ts","manufacturingBOM","create","CRITICAL","Mutation without tenantId"
"src/app/api/v3/realestate/leases/route.ts","realEstateLease","create","CRITICAL","Mutation without tenantId"
"src/app/api/v3/restaurant/kds/route.ts","restaurantKDSTicket","create","CRITICAL","Mutation without tenantId"
"src/app/api/v3/retail/pos/route.ts","retailPOSOrder","create","CRITICAL","Mutation without tenantId"
"src/app/api/v3/school/sis/route.ts","schoolStudent","create","CRITICAL","Mutation without tenantId"
"src/app/api/v3/services/timesheet/route.ts","serviceTimesheet","create","CRITICAL","Mutation without tenantId"
"src/app/api/vacations/route.ts","vacation","create","CRITICAL","Mutation without tenantId"
"src/app/api/vacations/route.ts","vacation","update","CRITICAL","Mutation without tenantId"
"src/app/api/warehouses/route.ts","stock","create","CRITICAL","Mutation without tenantId"
"src/app/api/warehouses/wms/route.ts","warehouseZone","create","CRITICAL","Mutation without tenantId"
"src/app/api/warehouses/wms/route.ts","warehouseRack","create","CRITICAL","Mutation without tenantId"
"src/app/api/warehouses/wms/route.ts","warehouseBin","create","CRITICAL","Mutation without tenantId"
"src/app/api/warehouses/[id]/route.ts","stock","update","CRITICAL","Mutation without tenantId"
"src/app/api/warehouses/[id]/route.ts","stock","delete","CRITICAL","Mutation without tenantId"
"src/app/api/webhooks/salla/route.ts","customer","create","HIGH","Status change without audit"
"src/app/api/webhooks/salla/route.ts","salesInvoice","create","CRITICAL","Mutation without tenantId"
"src/app/api/webhooks/salla/route.ts","salesInvoiceDetail","updateMany","CRITICAL","Mutation without tenantId"
"src/app/api/webhooks/zid/route.ts","product","update","CRITICAL","Mutation without tenantId"
"src/app/api/webhooks/zid/route.ts","customer","create","CRITICAL","Mutation without tenantId"
"src/app/api/webhooks/zid/route.ts","salesInvoice","create","CRITICAL","Mutation without tenantId"
"src/app/api/whatsapp/interactive/route.ts","approvalStep","update","CRITICAL","Mutation without tenantId"
"src/app/api/whatsapp/interactive/route.ts","approvalRequest","update","CRITICAL","Mutation without tenantId"
"src/app/api/whatsapp/interactive/route.ts","approvalStep","update","CRITICAL","Mutation without tenantId"
"src/app/api/whatsapp/interactive/route.ts","approvalRequest","update","CRITICAL","Mutation without tenantId"
"src/app/api/zatca/onboard/route.ts","setting","deleteMany","CRITICAL","Mutation without tenantId"
"src/app/api/zatca/onboard/route.ts","setting","upsert","CRITICAL","Mutation without tenantId"
"src/app/api/zatca/qr/route.ts","salesInvoice","update","CRITICAL","Mutation without tenantId"
"src/app/api/zatca/route.ts","setting","upsert","CRITICAL","Mutation without tenantId"
"src/app/api/zatca/route.ts","setting","upsert","CRITICAL","Mutation without tenantId"
"src/app/api/zatca/route.ts","setting","upsert","CRITICAL","Mutation without tenantId"
"src/app/api/zatca/route.ts","setting","upsert","CRITICAL","Mutation without tenantId"
"src/app/api/zatca/route.ts","setting","upsert","CRITICAL","Mutation without tenantId"
